"Date","Price","Open","High","Low","Vol.","Change %"
"Nov 18, 2021","539.10","578.20","587.90","517.10","1.67M","-6.78%"
"Nov 17, 2021","578.30","589.20","592.50","554.60","1.45M","-1.80%"
"Nov 16, 2021","588.90","633.80","634.50","574.00","2.20M","-7.04%"
"Nov 15, 2021","633.50","651.50","659.20","631.30","954.07K","-2.66%"
"Nov 14, 2021","650.80","649.90","660.20","634.80","933.71K","0.20%"
"Nov 13, 2021","649.50","627.80","654.70","620.80","900.09K","3.61%"
"Nov 12, 2021","626.90","627.90","634.50","603.90","1.01M","-0.30%"
"Nov 11, 2021","628.80","614.10","634.80","606.00","1.02M","2.28%"
"Nov 10, 2021","614.80","634.40","662.60","575.70","1.81M","-3.17%"
"Nov 09, 2021","634.90","653.60","656.70","632.10","879.13K","-2.89%"
"Nov 08, 2021","653.80","649.50","655.50","631.70","1.29M","0.66%"
"Nov 07, 2021","649.50","637.70","668.80","630.90","1.48M","2.07%"
"Nov 06, 2021","636.30","607.10","636.30","596.00","1.36M","4.78%"
"Nov 05, 2021","607.30","559.60","614.60","554.40","1.99M","8.70%"
"Nov 04, 2021","558.70","568.50","568.70","543.80","1.05M","-1.71%"
"Nov 03, 2021","568.40","554.30","569.90","537.60","1.26M","2.54%"
"Nov 02, 2021","554.30","551.20","563.70","537.60","1.15M","0.51%"
"Nov 01, 2021","551.50","525.30","551.90","511.80","1.27M","5.13%"
"Oct 31, 2021","524.60","529.30","534.90","509.30","1.02M","-0.68%"
"Oct 30, 2021","528.20","530.40","540.30","512.20","1.10M","-0.25%"
"Oct 29, 2021","529.50","492.10","533.60","489.00","1.41M","7.60%"
"Oct 28, 2021","492.10","448.90","494.70","446.60","1.52M","9.67%"
"Oct 27, 2021","448.70","478.20","486.30","438.50","1.37M","-6.13%"
"Oct 26, 2021","478.00","484.90","489.60","474.20","702.62K","-1.42%"
"Oct 25, 2021","484.90","475.70","488.60","474.80","632.11K","1.91%"
"Oct 24, 2021","475.80","485.60","486.40","468.00","591.04K","-1.98%"
"Oct 23, 2021","485.40","479.20","485.40","472.90","522.39K","1.38%"
"Oct 22, 2021","478.80","470.90","497.90","470.90","1.12M","1.63%"
"Oct 21, 2021","471.10","501.30","504.80","467.30","1.85M","-5.99%"
"Oct 20, 2021","501.10","488.10","505.60","482.40","946.05K","2.66%"
"Oct 19, 2021","488.10","484.90","497.40","481.10","912.95K","0.64%"
"Oct 18, 2021","485.00","470.90","487.20","467.20","1.09M","3.04%"
"Oct 17, 2021","470.70","465.80","472.40","455.90","889.88K","1.20%"
"Oct 16, 2021","465.10","474.80","484.40","462.50","1.04M","-1.94%"
"Oct 15, 2021","474.30","472.70","477.40","452.90","1.51M","0.40%"
"Oct 14, 2021","472.40","471.00","482.60","461.80","1.43M","0.43%"
"Oct 13, 2021","470.40","443.90","471.60","434.10","3.38M","5.85%"
"Oct 12, 2021","444.40","413.00","444.40","392.50","1.97M","7.50%"
"Oct 11, 2021","413.40","403.70","423.90","400.40","759.89K","2.28%"
"Oct 10, 2021","404.20","422.20","422.20","402.40","729.36K","-4.15%"
"Oct 09, 2021","421.70","419.70","425.90","416.50","632.35K","0.72%"
"Oct 08, 2021","418.70","438.20","441.60","416.00","1.51M","-4.45%"
"Oct 07, 2021","438.20","435.00","449.90","424.10","1.16M","0.78%"
"Oct 06, 2021","434.80","442.10","442.80","414.90","1.25M","-1.67%"
"Oct 05, 2021","442.20","426.40","443.90","424.20","883.63K","3.68%"
"Oct 04, 2021","426.50","430.50","430.90","411.60","974.42K","-0.88%"
"Oct 03, 2021","430.30","427.00","436.90","422.40","821.01K","0.73%"
"Oct 02, 2021","427.20","420.60","438.00","410.80","1.04M","1.40%"
"Oct 01, 2021","421.30","387.90","423.30","381.80","1.44M","8.69%"
"Sep 30, 2021","387.60","367.60","388.50","366.50","1.16M","5.47%"
"Sep 29, 2021","367.50","332.90","375.00","331.60","1.70M","10.39%"
"Sep 28, 2021","332.90","335.20","344.40","330.00","922.41K","-0.72%"
"Sep 27, 2021","335.30","343.80","357.50","335.30","956.61K","-2.70%"
"Sep 26, 2021","344.60","349.50","352.60","320.10","1.54M","-1.40%"
"Sep 25, 2021","349.50","355.00","360.50","343.70","916.87K","-1.58%"
"Sep 24, 2021","355.10","383.50","385.00","334.60","1.72M","-7.43%"
"Sep 23, 2021","383.60","378.80","384.50","369.20","993.85K","1.27%"
"Sep 22, 2021","378.80","344.70","379.90","342.40","1.09M","10.34%"
"Sep 21, 2021","343.30","364.20","375.70","337.30","1.58M","-5.58%"
"Sep 20, 2021","363.60","408.90","409.60","355.30","1.87M","-10.97%"
"Sep 19, 2021","408.40","410.50","419.00","403.40","743.18K","-0.56%"
"Sep 18, 2021","410.70","407.00","419.90","401.60","733.27K","1.11%"
"Sep 17, 2021","406.20","424.70","425.80","401.40","844.04K","-4.24%"
"Sep 16, 2021","424.20","431.40","434.00","416.00","1.04M","-1.62%"
"Sep 15, 2021","431.20","414.40","436.40","410.10","1.18M","4.08%"
"Sep 14, 2021","414.30","399.10","414.30","396.10","930.33K","3.83%"
"Sep 13, 2021","399.00","416.30","419.40","385.30","1.53M","-4.32%"
"Sep 12, 2021","417.00","404.50","421.30","398.00","981.36K","2.94%"
"Sep 11, 2021","405.10","401.60","415.10","399.50","922.65K","1.00%"
"Sep 10, 2021","401.10","421.30","438.90","393.90","1.53M","-4.77%"
"Sep 09, 2021","421.20","415.20","435.60","404.10","1.54M","1.59%"
"Sep 08, 2021","414.60","418.70","425.50","383.70","2.06M","-0.65%"
"Sep 07, 2021","417.30","496.10","504.60","373.90","3.36M","-15.88%"
"Sep 06, 2021","496.10","505.20","508.90","487.80","1.12M","-1.67%"
"Sep 05, 2021","504.50","497.20","505.20","488.90","877.96K","1.43%"
"Sep 04, 2021","497.40","487.90","509.80","485.60","1.25M","1.82%"
"Sep 03, 2021","488.50","483.60","494.50","473.40","1.09M","0.99%"
"Sep 02, 2021","483.70","489.00","504.60","478.10","1.25M","-1.16%"
"Sep 01, 2021","489.40","463.10","490.00","455.50","1.32M","5.41%"
"Aug 31, 2021","464.30","459.30","477.10","452.50","1.48M","0.91%"
"Aug 30, 2021","460.10","479.40","480.90","457.40","1.13M","-4.11%"
"Aug 29, 2021","479.80","486.30","495.50","476.80","910.78K","-1.28%"
"Aug 28, 2021","486.00","494.60","496.80","482.70","891.98K","-1.72%"
"Aug 27, 2021","494.50","478.20","494.90","467.50","1.55M","3.50%"
"Aug 26, 2021","477.80","503.11","518.60","472.70","2.23M","-5.10%"
"Aug 25, 2021","503.46","471.42","506.85","470.10","2.24M","6.64%"
"Aug 24, 2021","472.10","498.63","504.06","461.27","2.08M","-5.54%"
"Aug 23, 2021","499.80","448.43","508.85","447.00","2.66M","11.40%"
"Aug 22, 2021","448.67","448.62","458.25","438.01","1.14M","0.01%"
"Aug 21, 2021","448.63","454.90","459.99","444.80","1.43M","-1.37%"
"Aug 20, 2021","454.88","431.11","457.55","421.97","1.69M","5.44%"
"Aug 19, 2021","431.41","397.21","431.44","391.06","1.85M","8.82%"
"Aug 18, 2021","396.44","401.58","412.08","386.62","1.75M","-1.37%"
"Aug 17, 2021","401.96","415.57","435.65","399.37","1.98M","-3.39%"
"Aug 16, 2021","416.08","414.67","436.65","411.04","1.85M","0.48%"
"Aug 15, 2021","414.10","409.13","414.90","396.63","1.24M","1.27%"
"Aug 14, 2021","408.91","410.82","418.79","400.44","1.44M","-0.48%"
"Aug 13, 2021","410.90","385.94","411.04","383.00","1.26M","6.59%"
"Aug 12, 2021","385.51","390.80","406.11","371.80","1.84M","-1.52%"
"Aug 11, 2021","391.48","371.81","408.19","371.11","1.91M","5.26%"
"Aug 10, 2021","371.91","354.31","376.22","348.95","1.66M","4.91%"
"Aug 09, 2021","354.49","342.10","357.35","333.52","1.29M","3.70%"
"Aug 08, 2021","341.83","356.41","359.79","337.08","1.28M","-4.03%"
"Aug 07, 2021","356.18","342.32","359.60","340.65","1.55M","4.12%"
"Aug 06, 2021","342.08","337.94","347.01","331.42","1.27M","1.23%"
"Aug 05, 2021","337.91","334.99","339.98","323.71","1.26M","0.90%"
"Aug 04, 2021","334.90","323.42","337.05","319.97","969.68K","3.62%"
"Aug 03, 2021","323.20","330.40","334.64","317.66","1.06M","-2.32%"
"Aug 02, 2021","330.86","332.55","338.11","326.38","1.02M","-0.57%"
"Aug 01, 2021","332.77","332.38","347.47","329.71","1.51M","0.10%"
"Jul 31, 2021","332.44","323.34","337.98","317.60","1.39M","3.03%"
"Jul 30, 2021","322.66","317.06","325.27","306.72","1.30M","1.88%"
"Jul 29, 2021","316.72","313.63","319.99","309.00","999.16K","0.93%"
"Jul 28, 2021","313.79","313.24","318.65","308.53","1.31M","0.03%"
"Jul 27, 2021","313.70","303.84","318.24","298.54","1.68M","3.11%"
"Jul 26, 2021","304.24","302.88","327.93","301.20","2.58M","0.55%"
"Jul 25, 2021","302.58","302.55","303.09","292.87","1.08M","-0.18%"
"Jul 24, 2021","303.14","299.86","305.04","296.22","1.58M","1.42%"
"Jul 23, 2021","298.91","293.28","301.15","281.67","1.64M","1.83%"
"Jul 22, 2021","293.54","293.21","297.66","287.59","1.17M","0.15%"
"Jul 21, 2021","293.09","264.41","298.79","261.53","1.74M","10.76%"
"Jul 20, 2021","264.61","280.07","283.26","255.73","1.80M","-5.66%"
"Jul 19, 2021","280.49","302.01","303.46","279.37","1.32M","-7.18%"
"Jul 18, 2021","302.19","300.45","309.01","299.70","815.37K","0.61%"
"Jul 17, 2021","300.35","302.88","306.40","295.11","1.03M","-0.83%"
"Jul 16, 2021","302.86","315.95","323.19","301.87","1.46M","-4.02%"
"Jul 15, 2021","315.56","309.22","324.20","301.95","2.19M","1.96%"
"Jul 14, 2021","309.48","309.00","313.29","290.98","1.43M","0.17%"
"Jul 13, 2021","308.97","315.91","318.15","305.35","930.12K","-2.26%"
"Jul 12, 2021","316.11","321.70","334.34","308.80","1.32M","-1.79%"
"Jul 11, 2021","321.87","316.48","326.55","312.31","799.61K","1.83%"
"Jul 10, 2021","316.09","317.20","321.21","310.81","818.91K","-0.20%"
"Jul 09, 2021","316.72","302.27","319.45","302.27","1.11M","1.97%"
"Jul 08, 2021","310.59","326.02","328.21","307.00","1.64M","-5.21%"
"Jul 07, 2021","327.67","318.93","339.32","318.93","1.78M","3.44%"
"Jul 06, 2021","316.77","302.07","318.78","302.07","2.05M","4.89%"
"Jul 05, 2021","302.00","306.72","306.72","294.73","1.40M","-1.91%"
"Jul 04, 2021","307.88","306.55","314.00","303.27","1.31M","2.88%"
"Jul 03, 2021","299.26","287.20","299.95","284.56","956.68K","4.13%"
"Jul 02, 2021","287.38","287.69","287.69","277.71","1.00M","-0.09%"
"Jul 01, 2021","287.64","303.39","303.39","285.87","1.39M","-5.14%"
"Jun 30, 2021","303.23","300.25","303.65","284.20","2.06M","1.15%"
"Jun 29, 2021","299.79","290.71","312.82","290.71","2.12M","3.44%"
"Jun 28, 2021","289.83","290.93","296.01","285.24","1.88M","-0.36%"
"Jun 27, 2021","290.89","279.50","290.89","272.64","1.54M","4.09%"
"Jun 26, 2021","279.46","280.77","287.47","268.23","2.26M","-0.60%"
"Jun 25, 2021","281.15","308.58","312.51","281.15","2.71M","-8.79%"
"Jun 24, 2021","308.26","295.40","314.39","283.20","2.63M","4.09%"
"Jun 23, 2021","296.16","261.07","299.06","261.07","3.32M","13.28%"
"Jun 22, 2021","261.45","273.00","287.82","242.70","5.57M","-3.83%"
"Jun 21, 2021","271.85","340.05","340.05","271.85","3.73M","-19.83%"
"Jun 20, 2021","339.10","334.21","339.74","318.58","1.62M","1.50%"
"Jun 19, 2021","334.10","336.57","342.05","332.84","1.07M","-0.78%"
"Jun 18, 2021","336.71","352.55","354.93","332.21","1.58M","-4.52%"
"Jun 17, 2021","352.66","347.37","360.00","347.37","1.24M","1.59%"
"Jun 16, 2021","347.15","366.43","366.43","347.15","1.53M","-5.35%"
"Jun 15, 2021","366.78","370.20","376.27","366.42","1.55M","-0.89%"
"Jun 14, 2021","370.09","367.43","373.26","359.43","1.98M","1.16%"
"Jun 13, 2021","365.83","343.99","366.00","333.11","1.96M","6.58%"
"Jun 12, 2021","343.24","345.57","346.41","330.82","2.07M","-0.63%"
"Jun 11, 2021","345.42","352.42","363.65","343.05","2.22M","-1.70%"
"Jun 10, 2021","351.40","375.57","375.57","351.40","2.42M","-6.36%"
"Jun 09, 2021","375.27","351.32","375.27","336.47","3.49M","6.44%"
"Jun 08, 2021","352.57","355.82","359.68","329.37","4.99M","-1.55%"
"Jun 07, 2021","358.11","394.13","406.03","358.11","3.03M","-8.92%"
"Jun 06, 2021","393.20","390.05","398.90","386.72","1.86M","0.79%"
"Jun 05, 2021","390.10","391.74","420.52","387.62","3.98M","-0.13%"
"Jun 04, 2021","390.62","428.57","428.57","369.80","4.93M","-8.64%"
"Jun 03, 2021","427.55","401.20","427.55","398.66","4.21M","6.59%"
"Jun 02, 2021","401.10","364.57","412.41","355.20","4.38M","10.69%"
"Jun 01, 2021","362.37","353.59","362.37","346.74","3.65M","2.44%"
"May 31, 2021","353.73","323.46","353.73","311.26","4.11M","8.65%"
"May 30, 2021","325.58","305.30","333.93","297.20","3.74M","6.83%"
"May 29, 2021","304.77","328.97","342.49","299.37","3.76M","-7.46%"
"May 28, 2021","329.33","369.90","369.90","319.62","5.25M","-10.36%"
"May 27, 2021","367.39","378.11","383.60","347.67","4.28M","-3.11%"
"May 26, 2021","379.20","343.85","379.20","343.85","5.34M","10.30%"
"May 25, 2021","343.78","344.20","353.59","318.24","7.64M","-0.49%"
"May 24, 2021","345.46","261.09","345.46","261.09","7.79M","32.05%"
"May 23, 2021","261.61","299.33","306.37","223.77","8.80M","-12.57%"
"May 22, 2021","299.23","324.57","332.00","288.92","5.30M","-8.34%"
"May 21, 2021","326.47","391.13","408.43","300.74","8.83M","-16.87%"
"May 20, 2021","392.72","340.00","412.24","313.67","8.12M","17.24%"
"May 19, 2021","334.98","509.67","509.67","326.84","11.50M","-34.10%"
"May 18, 2021","508.31","512.52","530.60","499.27","2.72M","-0.68%"
"May 17, 2021","511.78","562.60","562.60","500.61","4.03M","-9.16%"
"May 16, 2021","563.37","565.01","603.14","537.49","2.94M","0.09%"
"May 15, 2021","562.84","601.83","606.50","562.84","2.26M","-6.57%"
"May 14, 2021","602.42","569.46","610.15","569.46","2.19M","5.35%"
"May 13, 2021","571.81","590.27","622.86","555.57","5.50M","-2.32%"
"May 12, 2021","585.38","670.01","679.99","585.38","2.81M","-12.84%"
"May 11, 2021","671.62","630.50","671.62","626.04","2.64M","6.32%"
"May 10, 2021","631.68","661.47","684.83","619.87","3.07M","-4.53%"
"May 09, 2021","661.64","645.86","673.56","637.04","2.34M","2.39%"
"May 08, 2021","646.17","624.14","650.00","623.07","2.19M","3.55%"
"May 07, 2021","623.99","633.92","634.24","614.55","1.98M","-1.58%"
"May 06, 2021","634.00","651.43","651.56","629.00","2.07M","-2.59%"
"May 05, 2021","650.85","627.45","650.85","627.45","2.27M","4.82%"
"May 04, 2021","620.95","677.41","677.41","620.95","3.76M","-8.16%"
"May 03, 2021","676.12","621.65","676.12","621.65","2.87M","8.71%"
"May 02, 2021","621.96","619.41","626.81","606.45","2.07M","0.33%"
"May 01, 2021","619.91","622.83","638.15","618.24","2.43M","-0.55%"
"Apr 30, 2021","623.31","600.06","623.31","598.74","3.43M","3.89%"
"Apr 29, 2021","599.95","563.24","605.06","563.24","4.34M","6.65%"
"Apr 28, 2021","562.52","569.03","573.61","550.88","2.38M","-1.11%"
"Apr 27, 2021","568.84","532.48","568.84","529.70","2.81M","6.27%"
"Apr 26, 2021","535.26","504.87","541.71","504.87","3.10M","6.15%"
"Apr 25, 2021","504.26","497.91","511.82","487.73","2.49M","1.36%"
"Apr 24, 2021","497.52","526.56","526.56","491.53","3.00M","-5.51%"
"Apr 23, 2021","526.54","505.00","526.54","473.80","6.86M","4.11%"
"Apr 22, 2021","505.74","545.51","577.56","505.74","6.38M","-6.91%"
"Apr 21, 2021","543.28","588.67","594.46","543.28","5.69M","-7.53%"
"Apr 20, 2021","587.50","505.68","587.50","488.16","5.73M","16.56%"
"Apr 19, 2021","504.01","481.42","532.79","481.42","5.03M","4.68%"
"Apr 18, 2021","481.46","516.41","516.41","442.20","4.47M","-6.54%"
"Apr 17, 2021","515.13","509.96","540.59","509.96","2.95M","1.35%"
"Apr 16, 2021","508.27","542.25","542.42","508.27","4.19M","-6.28%"
"Apr 15, 2021","542.32","549.56","550.26","539.62","2.32M","-1.33%"
"Apr 14, 2021","549.63","553.50","580.99","536.89","4.21M","-0.09%"
"Apr 13, 2021","550.14","596.62","596.62","544.93","5.45M","-8.11%"
"Apr 12, 2021","598.69","526.91","598.69","520.90","9.28M","13.91%"
"Apr 11, 2021","525.59","471.57","525.59","467.04","3.64M","11.29%"
"Apr 10, 2021","472.26","453.84","481.68","452.70","4.66M","4.14%"
"Apr 09, 2021","453.50","418.61","453.50","409.23","3.67M","8.57%"
"Apr 08, 2021","417.71","375.98","421.41","375.98","4.09M","11.25%"
"Apr 07, 2021","375.48","403.65","410.64","368.12","6.18M","-6.75%"
"Apr 06, 2021","402.68","368.43","405.23","366.57","4.48M","9.61%"
"Apr 05, 2021","367.38","349.28","373.99","338.19","3.49M","5.15%"
"Apr 04, 2021","349.37","319.25","351.60","319.25","2.72M","8.53%"
"Apr 03, 2021","321.91","338.87","348.44","321.91","3.10M","-4.83%"
"Apr 02, 2021","338.27","335.70","353.31","333.29","4.21M","1.18%"
"Apr 01, 2021","334.33","303.03","334.33","303.03","4.39M","10.64%"
"Mar 31, 2021","302.18","310.47","311.66","293.23","4.72M","-2.96%"
"Mar 30, 2021","311.41","275.32","311.41","272.00","5.53M","13.19%"
"Mar 29, 2021","275.13","268.54","275.79","267.22","2.73M","2.32%"
"Mar 28, 2021","268.90","270.77","278.75","263.87","3.27M","-0.15%"
"Mar 27, 2021","269.32","255.33","272.76","252.17","3.09M","5.62%"
"Mar 26, 2021","254.99","234.37","254.99","234.37","2.64M","9.00%"
"Mar 25, 2021","233.94","248.54","248.54","230.30","3.50M","-5.89%"
"Mar 24, 2021","248.59","254.73","267.49","248.13","3.27M","-2.68%"
"Mar 23, 2021","255.43","254.86","261.10","254.00","2.59M","0.15%"
"Mar 22, 2021","255.04","265.17","269.59","255.04","3.26M","-3.67%"
"Mar 21, 2021","264.75","263.26","267.42","259.10","1.97M","0.13%"
"Mar 20, 2021","264.41","262.56","270.21","262.56","2.38M","0.48%"
"Mar 19, 2021","263.15","261.51","267.00","261.51","2.26M","0.71%"
"Mar 18, 2021","261.30","270.93","275.99","261.30","3.15M","-3.17%"
"Mar 17, 2021","269.85","258.38","269.85","250.06","2.86M","4.48%"
"Mar 16, 2021","258.29","255.03","258.29","246.96","3.01M","1.60%"
"Mar 15, 2021","254.22","264.49","266.36","254.22","3.36M","-3.80%"
"Mar 14, 2021","264.27","276.24","276.24","264.27","2.43M","-4.21%"
"Mar 13, 2021","275.89","263.06","280.39","259.69","3.90M","4.73%"
"Mar 12, 2021","263.43","290.22","290.22","259.22","5.91M","-9.18%"
"Mar 11, 2021","290.07","279.70","292.80","274.57","6.60M","4.29%"
"Mar 10, 2021","278.13","294.67","294.67","273.71","6.01M","-5.08%"
"Mar 09, 2021","293.00","240.41","293.00","236.90","7.94M","21.77%"
"Mar 08, 2021","240.61","239.76","242.28","231.14","3.05M","0.24%"
"Mar 07, 2021","240.04","226.60","240.04","226.60","3.52M","6.09%"
"Mar 06, 2021","226.27","225.83","228.91","222.56","2.66M","0.27%"
"Mar 05, 2021","225.67","229.37","229.37","218.74","3.65M","-1.76%"
"Mar 04, 2021","229.71","240.61","243.63","228.82","4.00M","-4.63%"
"Mar 03, 2021","240.85","239.18","251.39","239.18","4.28M","0.58%"
"Mar 02, 2021","239.46","254.95","254.95","232.80","5.38M","-5.99%"
"Mar 01, 2021","254.73","211.22","255.58","211.22","7.91M","21.27%"
"Feb 28, 2021","210.05","223.52","226.58","199.30","5.68M","-6.88%"
"Feb 27, 2021","225.56","221.54","230.64","221.54","4.19M","1.55%"
"Feb 26, 2021","222.11","234.29","234.44","212.25","7.41M","-4.96%"
"Feb 25, 2021","233.69","254.12","257.20","233.69","6.87M","-8.09%"
"Feb 24, 2021","254.27","229.87","275.56","226.37","11.78M","9.73%"
"Feb 23, 2021","231.72","268.51","268.51","206.15","15.88M","-13.36%"
"Feb 22, 2021","267.46","295.13","295.13","246.49","12.61M","-8.97%"
"Feb 21, 2021","293.80","254.92","298.78","254.92","10.65M","15.48%"
"Feb 20, 2021","254.41","334.13","334.13","254.41","13.49M","-23.54%"
"Feb 19, 2021","332.73","196.29","332.73","196.29","20.19M","69.97%"
"Feb 18, 2021","195.76","166.18","197.15","165.96","11.23M","18.37%"
"Feb 17, 2021","165.38","129.83","170.58","128.37","10.18M","27.12%"
"Feb 16, 2021","130.10","129.48","131.31","128.07","3.26M","0.07%"
"Feb 15, 2021","130.00","135.86","135.86","121.19","4.77M","-4.40%"
"Feb 14, 2021","135.99","133.62","137.90","129.83","4.41M","2.18%"
"Feb 13, 2021","133.09","137.38","137.38","128.27","3.79M","-2.62%"
"Feb 12, 2021","136.67","124.42","136.67","122.92","5.63M","10.18%"
"Feb 11, 2021","124.04","129.30","129.30","120.24","5.92M","-3.62%"
"Feb 10, 2021","128.71","107.96","146.74","107.96","16.61M","19.61%"
"Feb 09, 2021","107.61","79.99","109.22","78.68","12.49M","34.97%"
"Feb 08, 2021","79.73","68.15","79.73","68.15","7.86M","16.56%"
"Feb 07, 2021","68.40","72.86","73.62","66.73","5.97M","-5.75%"
"Feb 06, 2021","72.57","67.46","74.81","64.97","8.48M","7.10%"
"Feb 05, 2021","67.76","56.15","68.26","56.15","5.04M","21.18%"
"Feb 04, 2021","55.92","52.24","56.89","52.24","4.00M","7.28%"
"Feb 03, 2021","52.12","50.91","52.30","50.22","2.95M","2.21%"
"Feb 02, 2021","50.99","51.34","52.26","49.95","4.67M","-0.81%"
"Feb 01, 2021","51.41","44.23","51.41","44.00","6.10M","15.98%"
"Jan 31, 2021","44.33","44.80","45.25","43.65","2.43M","-0.96%"
"Jan 30, 2021","44.76","42.89","45.01","42.89","2.77M","4.40%"
"Jan 29, 2021","42.87","42.49","43.98","42.40","3.44M","0.93%"
"Jan 28, 2021","42.48","40.71","42.69","40.71","2.98M","3.65%"
"Jan 27, 2021","40.98","41.84","41.84","40.57","2.65M","-1.77%"
"Jan 26, 2021","41.72","41.46","41.98","40.28","2.76M","-0.14%"
"Jan 25, 2021","41.78","41.86","43.05","41.34","2.77M","-0.12%"
"Jan 24, 2021","41.83","40.86","42.05","40.86","2.34M","2.22%"
"Jan 23, 2021","40.92","40.67","41.47","39.95","2.54M","0.12%"
"Jan 22, 2021","40.87","38.69","41.02","37.79","3.08M","5.61%"
"Jan 21, 2021","38.69","42.60","42.60","38.69","3.46M","-9.11%"
"Jan 20, 2021","42.57","42.54","42.63","41.01","3.71M","-0.11%"
"Jan 19, 2021","42.62","45.36","45.49","42.48","5.15M","-6.03%"
"Jan 18, 2021","45.36","46.13","46.45","44.21","3.07M","-1.20%"
"Jan 17, 2021","45.90","42.92","46.24","41.35","3.88M","6.51%"
"Jan 16, 2021","43.10","40.91","43.75","40.91","3.25M","5.33%"
"Jan 15, 2021","40.92","41.91","42.10","40.17","3.43M","-2.31%"
"Jan 14, 2021","41.88","40.09","41.88","39.94","3.31M","4.38%"
"Jan 13, 2021","40.12","38.25","40.12","37.82","3.51M","4.88%"
"Jan 12, 2021","38.26","38.13","39.44","37.84","3.26M","0.24%"
"Jan 11, 2021","38.17","42.39","42.39","35.60","6.37M","-10.05%"
"Jan 10, 2021","42.43","43.96","44.66","41.14","4.28M","-3.15%"
"Jan 09, 2021","43.81","42.39","43.92","41.71","2.72M","3.51%"
"Jan 08, 2021","42.33","43.52","43.52","41.63","3.56M","-3.04%"
"Jan 07, 2021","43.65","42.31","44.12","41.73","5.02M","3.35%"
"Jan 06, 2021","42.24","41.73","42.24","40.82","3.78M","1.07%"
"Jan 05, 2021","41.79","41.02","41.79","39.68","3.51M","1.67%"
"Jan 04, 2021","41.10","41.37","42.35","39.63","5.30M","-0.28%"
"Jan 03, 2021","41.22","38.22","41.22","37.98","4.90M","7.78%"
"Jan 02, 2021","38.24","37.66","38.78","37.10","3.02M","1.37%"
"Jan 01, 2021","37.73","37.36","38.64","37.07","2.43M","1.06%"
"Dec 31, 2020","37.33","38.17","38.17","36.80","1.89M","-1.99%"
"Dec 30, 2020","38.09","39.13","39.13","37.09","2.42M","-2.59%"
"Dec 29, 2020","39.10","35.97","39.10","35.97","7.02M","8.81%"
"Dec 28, 2020","35.94","33.64","35.94","33.64","4.12M","6.83%"
"Dec 27, 2020","33.64","33.60","34.58","33.23","3.75M","0.17%"
"Dec 26, 2020","33.58","33.20","33.63","32.92","2.42M","1.21%"
"Dec 25, 2020","33.18","32.50","33.26","32.32","2.60M","2.04%"
"Dec 24, 2020","32.52","31.19","32.52","30.75","3.00M","4.24%"
"Dec 23, 2020","31.19","33.47","34.34","31.19","3.94M","-6.98%"
"Dec 22, 2020","33.53","32.05","33.53","31.72","3.57M","4.26%"
"Dec 21, 2020","32.16","34.18","35.59","31.58","4.55M","-6.14%"
"Dec 20, 2020","34.27","33.28","35.19","33.28","4.48M","2.90%"
"Dec 19, 2020","33.30","30.92","33.95","30.92","4.12M","7.58%"
"Dec 18, 2020","30.96","30.20","30.96","30.20","2.04M","2.44%"
"Dec 17, 2020","30.22","30.48","31.29","30.20","3.27M","-1.14%"
"Dec 16, 2020","30.57","29.50","30.58","29.10","2.16M","3.55%"
"Dec 15, 2020","29.52","30.05","30.05","29.42","1.62M","-1.70%"
"Dec 14, 2020","30.03","29.11","30.03","28.79","2.03M","3.07%"
"Dec 13, 2020","29.13","28.17","29.19","28.16","1.64M","3.53%"
"Dec 12, 2020","28.14","27.31","28.14","27.31","1.30M","2.97%"
"Dec 11, 2020","27.33","27.72","27.72","27.02","1.25M","-1.20%"
"Dec 10, 2020","27.66","28.16","28.16","27.59","1.34M","-1.75%"
"Dec 09, 2020","28.15","27.66","28.26","27.46","1.64M","1.72%"
"Dec 08, 2020","27.68","29.34","29.35","27.61","1.84M","-5.75%"
"Dec 07, 2020","29.36","29.49","29.53","29.28","1.23M","-0.46%"
"Dec 06, 2020","29.50","29.69","29.69","29.17","1.33M","-0.78%"
"Dec 05, 2020","29.73","29.00","29.86","29.00","1.83M","2.44%"
"Dec 04, 2020","29.02","30.67","30.67","29.02","2.06M","-5.45%"
"Dec 03, 2020","30.70","30.25","30.70","30.03","1.92M","1.33%"
"Dec 02, 2020","30.30","30.07","30.58","30.07","2.37M","0.56%"
"Dec 01, 2020","30.13","31.49","31.85","30.09","3.14M","-4.35%"
"Nov 30, 2020","31.50","30.10","31.50","30.05","2.97M","4.65%"
"Nov 29, 2020","30.10","29.12","30.25","29.00","2.86M","3.25%"
"Nov 28, 2020","29.15","28.48","29.42","28.09","2.64M","2.45%"
"Nov 27, 2020","28.46","28.23","28.59","27.72","2.32M","0.85%"
"Nov 26, 2020","28.22","31.21","31.50","27.31","6.24M","-9.83%"
"Nov 25, 2020","31.29","33.85","34.71","31.29","4.59M","-7.77%"
"Nov 24, 2020","33.93","31.00","33.93","31.00","7.29M","9.52%"
"Nov 23, 2020","30.98","30.06","30.98","29.88","2.92M","3.13%"
"Nov 22, 2020","30.04","30.54","30.54","29.57","2.84M","-1.50%"
"Nov 21, 2020","30.50","28.90","30.50","28.54","3.16M","5.33%"
"Nov 20, 2020","28.95","28.13","29.10","28.13","2.49M","3.12%"
"Nov 19, 2020","28.08","28.11","28.24","27.80","2.02M","0.05%"
"Nov 18, 2020","28.06","28.52","28.55","27.70","2.22M","-1.73%"
"Nov 17, 2020","28.56","27.95","28.67","27.95","2.24M","2.11%"
"Nov 16, 2020","27.97","27.62","28.14","27.61","1.69M","1.09%"
"Nov 15, 2020","27.66","27.95","28.04","27.21","1.44M","-0.91%"
"Nov 14, 2020","27.92","28.13","28.14","27.53","1.50M","-1.00%"
"Nov 13, 2020","28.20","27.65","28.38","27.58","1.94M","1.79%"
"Nov 12, 2020","27.70","28.01","28.01","27.46","1.66M","-1.02%"
"Nov 11, 2020","27.99","28.21","28.28","27.99","1.97M","-0.78%"
"Nov 10, 2020","28.21","27.94","28.22","27.74","2.17M","0.43%"